fixed acidity,volatile acidity,citric acid,residual sugar,chlorides,free sulfur dioxide,total sulfur dioxide,density,pH,sulphates,alcohol,quality
6.2,0.32,0.16,7,0.045,30,136,0.9949,3.18,0.47,9.6,6
8.1,0.22,0.43,1.5,0.044,28,129,0.9938,3.22,0.45,11,6
7.4,0.25,0.36,2.05,0.05,31,100,0.992,3.19,0.44,10.8,6
8.1,0.2,0.4,2,0.037,19,87,0.9921,3.12,0.54,11.2,6
6.8,0.28,0.36,8,0.045,28,123,0.9928,3.02,0.37,11.4,6
6.4,0.3,0.45,3.5,0.197,76,180,0.9942,3.02,0.39,9.1,6
5.8,0.24,0.39,1.5,0.054,37,158,0.9932,3.21,0.52,9.3,6
6.6,0.19,0.41,8.9,0.046,51,169,0.9954,3.14,0.57,9.8,6
6.2,0.31,0.26,4.8,0.037,36,148,0.9928,3.21,0.41,10.4,6
6.1,0.36,0.33,1.1,0.05,24,169,0.9927,3.15,0.78,9.5,6
6,0.18,0.27,1.5,0.089,40,143,0.9923,3.49,0.62,10.8,6
7.3,0.28,0.36,12.7,0.04,38,140,0.998,3.3,0.79,9.6,6
6.8,0.32,0.21,2.2,0.044,15,68,0.9932,3.17,0.39,9.4,6
5.9,0.36,0.41,1.3,0.047,45,104,0.9917,3.33,0.51,10.6,6
7.4,0.26,0.31,7.6,0.047,52,177,0.9962,3.13,0.45,8.9,6
6.8,0.19,0.58,14.2,0.038,51,164,0.9975,3.12,0.48,9.6,6
5.9,0.62,0.28,3.5,0.039,55,152,0.9907,3.44,0.44,12,6
6.8,0.25,0.24,4.55,0.053,41,211,0.9955,3.37,0.67,9.5,6
6.3,0.26,0.24,7.2,0.039,38,172,0.9958,3.49,0.64,9.7,6
6.1,0.41,0.24,1.6,0.049,16,137,0.993,3.32,0.5,10.4,6
7.4,0.24,0.22,10.7,0.042,26,81,0.9954,2.86,0.36,9.7,6
9,0.27,0.35,4.9,0.028,27,95,0.9932,3.04,0.4,11.3,6
6.7,0.2,0.42,14,0.038,83,160,0.9987,3.16,0.5,9.4,6
6.8,0.2,0.36,1.6,0.028,7,46,0.99175,3.21,0.6,10.9,6
7.7,0.34,0.28,11,0.04,31,117,0.99815,3.27,0.29,9.2,6
6.8,0.18,0.28,8.7,0.047,52,242,0.9952,3.22,0.53,10.5,6
6.8,0.18,0.28,8.5,0.047,52,242,0.9952,3.22,0.53,10.5,6
6.5,0.26,0.27,12.9,0.044,69,215,0.9967,3.17,0.43,10,6
5.8,0.36,0.26,3.3,0.038,40,153,0.9911,3.34,0.55,11.3,6
6.2,0.34,0.29,7.6,0.047,45,232,0.9955,3.35,0.62,10,6
7.1,0.3,0.36,6.8,0.055,44.5,234,0.9972,3.49,0.64,10.2,6
8.1,0.26,0.37,1.9,0.072,48,159,0.9949,3.37,0.7,10.9,6
6.2,0.55,0.45,12,0.049,27,186,0.9974,3.17,0.5,9.3,6
7.9,0.22,0.45,14.2,0.038,53,141,0.9992,3.03,0.46,9.2,6
7,0.26,0.46,15.55,0.037,61,171,0.9986,2.94,0.35,8.8,6
5,0.33,0.16,1.5,0.049,10,97,0.9917,3.48,0.44,10.7,6
7.3,0.19,0.68,1.5,0.05,31,156,0.9946,3.32,0.64,9.4,6
7.4,0.19,0.42,6.4,0.067,39,212,0.9958,3.3,0.33,9.6,6
6.5,0.22,0.72,6.8,0.042,33,168,0.9958,3.12,0.36,9.2,6
9,0.24,0.5,1.2,0.048,26,107,0.9918,3.21,0.34,12.4,6
5.7,0.135,0.3,4.6,0.042,19,101,0.9946,3.31,0.42,9.3,6
7.8,0.43,0.49,13,0.033,37,158,0.9955,3.14,0.35,11.3,6
7.2,0.08,0.49,1.3,0.05,18,148,0.9945,3.46,0.44,10.2,6
6.7,0.51,0.24,2.1,0.043,14,155,0.9904,3.22,0.6,13,6
8.2,0.22,0.49,9.6,0.037,53,154,0.9951,3.02,0.33,10.6,6
14.2,0.27,0.49,1.1,0.037,33,156,0.992,3.15,0.54,11.1,6
7.9,0.28,0.49,7.7,0.045,48,195,0.9954,3.04,0.55,11,6
8.1,0.28,0.49,1,0.04,32,148,0.9936,3.13,0.41,10,6
7.3,0.26,0.49,5,0.028,32,107,0.9936,3.24,0.54,10.8,6
7.1,0.18,0.74,15.6,0.044,44,176,0.9996,3.38,0.67,9,6
7.9,0.18,0.49,5.2,0.051,36,157,0.9953,3.18,0.48,10.6,6
7.4,0.3,0.49,8.2,0.055,49,188,0.9974,3.52,0.58,9.7,6
9,0.3,0.49,7.2,0.039,32,84,0.9938,2.94,0.32,11.5,6
6.7,0.33,0.49,1.6,0.167,20,94,0.9914,3.11,0.5,11.4,6
7.8,0.15,0.24,7.7,0.047,21,98,0.9951,2.94,0.31,9.6,6
7.5,0.14,0.74,1.6,0.035,21,126,0.9933,3.26,0.45,10.2,6
7.8,0.4,0.49,7.8,0.06,34,162,0.9966,3.26,0.58,11.3,6
7.9,0.33,0.28,31.6,0.053,35,176,1.0103,3.15,0.38,8.8,6
6.3,0.31,0.3,10,0.046,49,212,0.9962,3.74,0.55,11.9,6
6.9,0.16,0.3,9.6,0.057,50,185,0.9978,3.39,0.38,9.6,6
7.8,0.22,0.36,1.4,0.056,21,153,0.993,3.2,0.53,10.4,6
7,0.19,0.23,5.7,0.123,27,104,0.9954,3.04,0.54,9.4,6
8,0.22,0.28,14,0.053,83,197,0.9981,3.14,0.45,9.8,6
7.3,0.18,0.31,17.3,0.055,32,197,1.0002,3.13,0.46,9,6
8.4,0.2,0.38,11.8,0.055,51,170,1.0004,3.34,0.82,8.9,6
6.9,0.23,0.33,12.8,0.056,44,169,0.998,3.42,0.42,9.8,6
8.1,0.28,0.34,1.3,0.035,11,126,0.99232,3.14,0.5,9.8,6
6.3,0.4,0.32,10.6,0.049,38,209,0.9981,3.47,0.59,9.3,6
6.5,0.21,0.28,1.4,0.046,26,66,0.99199,3.43,0.48,11.1,6
7.1,0.34,0.32,2,0.051,29,130,0.99354,3.3,0.5,10.4,6
8,0.27,0.25,19.1,0.045,50,208,1.00051,3.05,0.5,9.2,6
8,0.26,0.28,4.8,0.05,34,150,0.99437,3.13,0.5,10,6
6.3,0.27,0.37,7.9,0.047,58,215,0.99542,3.19,0.48,9.5,6
6.6,0.26,0.25,11.6,0.045,45,178,0.99691,3.33,0.43,9.8,6
6.5,0.23,0.25,17.3,0.046,15,110,0.99828,3.15,0.42,9.2,6
6.9,0.32,0.27,16,0.034,58,185,0.99938,3.34,0.6,9,6
6.6,0.35,0.35,6,0.063,31,150,0.99537,3.1,0.47,9.4,6
7.5,0.13,0.38,1.1,0.023,42,104,0.99112,3.28,0.53,11.8,6
6.2,0.25,0.31,3.2,0.03,32,150,0.99014,3.18,0.31,12,6
7.2,0.19,0.27,11.2,0.061,46,149,0.99772,2.99,0.59,9.3,6
6.6,0.21,0.29,1.8,0.026,35,128,0.99183,3.37,0.48,11.2,6
5.2,0.28,0.29,1.1,0.028,18,69,0.99168,3.24,0.54,10,6
7.7,0.3,0.34,1.2,0.048,4,119,0.99084,3.18,0.34,12.1,6
8,0.3,0.36,11,0.034,8,70,0.99354,3.05,0.41,12.2,6
6.6,0.21,0.36,0.8,0.034,48,113,0.99165,3.24,0.68,10.5,6
5.7,0.21,0.25,1.1,0.035,26,81,0.9902,3.31,0.52,11.4,6
6.2,0.2,0.31,1,0.031,22,73,0.99035,3.24,0.52,11.3,6
6.2,0.18,0.3,1,0.031,23,73,0.99032,3.23,0.52,11.3,6
5.7,0.28,0.28,2.2,0.019,15,65,0.9902,3.06,0.52,11.2,6
6.6,0.22,0.29,14.4,0.046,39,118,0.99834,3.05,0.5,9.1,6
5.1,0.29,0.28,8.3,0.026,27,107,0.99308,3.36,0.37,11,6
6,0.28,0.52,5,0.078,30,139,0.99494,3.1,0.36,9,6
6.6,0.23,0.3,14.9,0.051,33,118,0.99835,3.04,0.54,9,6
6.6,0.23,0.2,11.4,0.044,45,131,0.99604,2.96,0.51,9.7,6
6.9,0.3,0.3,10.55,0.037,4,28,0.99184,3.07,0.32,12.7,6
5.8,0.15,0.31,5.9,0.036,7,73,0.99152,3.2,0.43,11.9,6
8.5,0.19,0.48,1.1,0.026,23,58,0.99184,2.9,0.5,10.5,6
6.6,0.17,0.35,2.6,0.03,33,78,0.99146,3.22,0.72,11.3,6
7.6,0.27,0.52,3.2,0.043,28,152,0.99129,3.02,0.53,11.4,6
6.5,0.29,0.26,7,0.04,18,113,0.99366,3.17,0.38,10.2,6
6.9,0.22,0.43,6.4,0.042,34,115,0.99293,3.05,0.51,10.8,6
7.8,0.3,0.36,4.6,0.024,20,198,0.99222,3.06,0.66,11.9,6
6.5,0.24,0.38,1,0.027,31,90,0.98926,3.24,0.36,12.3,6
8.3,0.16,0.37,7.9,0.025,38,107,0.99306,2.93,0.37,11.9,6
7,0.21,0.42,5.3,0.037,36,123,0.99321,3.14,0.52,10.9,6
7.4,0.19,0.31,14.5,0.045,39,193,0.9986,3.1,0.5,9.2,6
5.6,0.32,0.32,8.3,0.043,32,105,0.99266,3.24,0.47,11.2,6
6.7,0.23,0.33,8.1,0.048,45,176,0.99472,3.11,0.52,10.1,6
8.2,0.34,0.29,5.2,0.076,19,92,0.99138,2.95,0.39,12.5,6
6.9,0.28,0.33,1.2,0.039,16,98,0.9904,3.07,0.39,11.7,6
7.8,0.2,0.2,1.4,0.036,25,83,0.99088,3.03,0.46,11.7,6
6.7,0.24,0.36,8.4,0.042,42,123,0.99473,3.34,0.52,10.9,6
7.7,0.43,1,19.95,0.032,42,164,0.99742,3.29,0.5,12,6
7.3,0.2,0.29,19.9,0.039,69,237,1.00037,3.1,0.48,9.2,6
5.7,0.22,0.22,16.65,0.044,39,110,0.99855,3.24,0.48,9,6
7.8,0.31,0.4,1.6,0.027,20,87,0.9911,3.15,0.48,11.9,6
6.3,0.32,0.32,1.5,0.037,12,76,0.98993,3.3,0.46,12.3,6
7.7,0.24,0.3,1.4,0.041,15,102,0.9929,3.26,0.53,10.4,6
7.4,0.36,0.23,1.9,0.017,31,69,0.9892,2.93,0.36,12.5,6
6.4,0.38,0.2,5.3,0.117,57,181,0.99459,3.24,0.43,9.5,6
6,0.25,0.4,5.7,0.052,56,152,0.99398,3.16,0.88,10.5,6
7,0.29,0.37,1.6,0.035,34,126,0.99058,3.26,0.47,12.3,6
6.8,0.18,0.32,7.2,0.047,17,109,0.99498,3.42,0.44,10.4,6
6.5,0.35,0.38,7.4,0.036,20,196,0.99712,3.47,0.48,9.1,6
6.6,0.26,0.28,9.4,0.028,13,121,0.99254,3.17,0.34,12.1,6
6.7,0.46,0.21,4,0.034,12,88,0.99016,3.26,0.54,13,6
6.7,0.24,0.32,9,0.023,20,109,0.99262,3.34,0.35,12.6,6
6.2,0.22,0.3,12.4,0.054,108,152,0.99728,3.1,0.47,9.5,6
6.8,0.33,0.31,7.4,0.045,34,143,0.99226,3.06,0.55,12.2,6
6.7,0.26,0.29,7.7,0.038,40,179,0.99479,3.23,0.56,10.4,6
7.1,0.37,0.3,6.2,0.04,49,139,0.99021,3.17,0.27,13.6,6
7.3,0.27,0.3,1.3,0.04,26,84,0.99222,3.28,0.53,10.7,6
6.4,0.17,0.3,2.8,0.034,33,125,0.99152,3.03,0.49,10.4,6
5.6,0.23,0.25,8,0.043,31,101,0.99429,3.19,0.42,10.4,6
6.3,0.23,0.22,17.45,0.054,42,151,0.99853,3.12,0.6,9.3,6
6.7,0.2,0.24,6.5,0.044,28,100,0.99348,3.12,0.33,10.2,6
5.8,0.22,0.29,1.3,0.036,25,68,0.98865,3.24,0.35,12.6,6
6.9,0.26,0.38,10.5,0.044,33,139,0.99517,3.06,0.5,10.3,6
6,0.17,0.21,6,0.05,26,134,0.9939,3.08,0.54,9.8,6
3.8,0.31,0.02,11.1,0.036,20,114,0.99248,3.75,0.44,12.4,6
6.6,0.26,0.27,11.8,0.048,28,112,0.99606,2.87,0.49,9.7,6
7,0.2,0.35,8.8,0.037,31,103,0.99388,3.13,0.49,11,6
5.9,0.25,0.24,7.4,0.044,21,113,0.99462,3.38,0.58,10.5,6
6.3,0.28,0.22,11.5,0.036,27,150,0.99445,3,0.33,10.6,6
6.7,0.26,0.29,7.1,0.036,28,100,0.99534,3.08,0.36,9.3,6
6.1,0.31,0.34,2.8,0.042,59.5,162,0.99179,3.27,0.47,10.8,6
6.4,0.13,0.28,0.9,0.045,32,87,0.99175,3.47,0.52,11.2,6
6.1,0.28,0.23,4.2,0.038,13,95,0.98898,2.97,0.7,13.1,6
6.8,0.17,0.17,5.1,0.049,26,82,0.993,3,0.38,9.8,6
5.8,0.12,0.21,1.3,0.056,35,121,0.9908,3.32,0.33,11.4,6
7.1,0.09,0.3,6.2,0.032,24,134,0.993,2.99,0.39,10.9,6
6,0.27,0.26,1.3,0.038,32,138,0.99125,3.46,0.43,11.1,6
6.8,0.29,0.22,3.4,0.035,40,122,0.99024,3.09,0.47,12.3,6
6.7,0.16,0.32,12.5,0.035,18,156,0.99666,2.88,0.36,9,6
6.1,0.15,0.4,1.2,0.03,19,84,0.98926,3.19,0.96,13,6
5.9,0.21,0.31,1.8,0.033,45,142,0.98984,3.35,0.5,12.7,6
5.5,0.16,0.31,1.2,0.026,31,68,0.9898,3.33,0.44,11.65,6
6.4,0.19,0.35,10.2,0.043,40,106,0.99632,3.16,0.5,9.7,6
5.9,0.26,0.29,5.4,0.046,34,116,0.99224,3.24,0.41,11.4,6
6,0.34,0.29,6.1,0.046,29,134,0.99462,3.48,0.57,10.7,6
5.6,0.2,0.36,2.5,0.048,16,125,0.99282,3.49,0.49,10,6
5,0.235,0.27,11.75,0.03,34,118,0.9954,3.07,0.5,9.4,6
5.7,0.21,0.32,0.9,0.038,38,121,0.99074,3.24,0.46,10.6,6
7.3,0.28,0.43,1.7,0.08,21,123,0.9905,3.19,0.42,12.8,5
7.5,0.305,0.4,18.9,0.059,44,170,1,2.99,0.46,9,5
7.4,0.25,0.37,13.5,0.06,52,192,0.9975,3,0.44,9.1,5
7.2,0.27,0.46,18.75,0.052,45,255,1,3.04,0.52,8.9,5
5.2,0.6,0.07,7,0.044,33,147,0.9944,3.33,0.58,9.7,5
7.1,0.39,0.35,12.5,0.044,26,72,0.9941,3.17,0.29,11.6,5
7.8,0.21,0.27,1.2,0.051,20,89,0.9936,3.06,0.46,9.1,5
5.9,0.21,0.24,12.1,0.044,53,165,0.9969,3.25,0.39,9.5,5
6.8,0.51,0.3,4.2,0.066,38,165,0.9945,3.2,0.42,9.1,5
6,0.26,0.5,2.2,0.048,59,153,0.9928,3.08,0.61,9.8,5
6.4,0.475,0.06,1,0.03,9,131,0.9904,2.97,0.29,10.8,5
7.3,0.25,0.29,7.5,0.049,38,158,0.9965,3.43,0.38,9.6,5
6.1,0.28,0.25,17.75,0.044,48,161,0.9993,3.34,0.48,9.5,5
7.5,0.23,0.68,11,0.047,37,133,0.9978,2.99,0.38,8.8,5
7,0.23,0.42,18.05,0.05,35,144,0.9999,3.22,0.42,8.8,5
6,0.29,0.2,12.6,0.045,45,187,0.9972,3.33,0.42,9.5,5
6.6,0.27,0.25,3.1,0.052,41,188,0.9915,3.24,0.4,11.3,5
6.4,0.27,0.32,4.5,0.24,61,174,0.9948,3.12,0.48,9.4,5
6.1,0.25,0.24,12.1,0.046,51,172,0.998,3.35,0.45,9.5,5
6.6,0.29,0.44,9,0.053,62,178,0.99685,3.02,0.45,8.9,5
6.4,0.39,0.21,1.2,0.041,35,136,0.99225,3.15,0.46,10.2,5
5.9,0.26,0.25,12.5,0.034,38,152,0.9977,3.33,0.43,9.4,5
6.6,0.3,0.3,4.8,0.17,60,166,0.9946,3.18,0.47,9.4,5
4.8,0.33,0,6.5,0.028,34,163,0.9937,3.35,0.61,9.9,5
7.5,0.24,0.31,13,0.049,46,217,0.9985,3.08,0.53,8.8,5
6.2,0.33,0.19,5.6,0.042,22,143,0.99425,3.15,0.63,9.9,5
5.6,0.29,0.05,0.8,0.038,11,30,0.9924,3.36,0.35,9.2,5
8.2,0.345,1,18.2,0.047,55,205,0.99965,2.96,0.43,9.6,5
7.6,0.3,0.25,4.3,0.054,22,111,0.9956,3.12,0.49,9.2,5
6,0.2,0.71,1.6,0.15,10,54,0.9927,3.12,0.47,9.8,5
7.1,0.47,0.24,6,0.044,11,77,0.9956,3.21,0.56,9.7,5
7.5,0.33,0.48,19.45,0.048,55,243,1.001,2.95,0.4,8.8,5
7.2,0.51,0.24,10,0.093,35,197,0.9981,3.41,0.47,9,5
7.3,0.31,0.69,10.2,0.041,58,160,0.9977,3.06,0.45,8.6,5
7.2,0.24,0.3,1.6,0.048,27,131,0.9933,3.25,0.45,10.5,5
7.5,0.32,0.37,1.2,0.048,22,184,0.9938,3.09,0.43,9.3,5
6.4,0.3,0.38,7.8,0.046,35,192,0.9955,3.1,0.37,9,5
7,0.39,0.31,5.3,0.169,32,162,0.9965,3.2,0.48,9.4,5
8,0.59,0.71,17.35,0.038,61,228,1,2.95,0.75,9.3,5
7,0.15,0.34,1.4,0.039,21,177,0.9927,3.32,0.62,10.8,5
8.4,0.19,0.43,2.1,0.052,20,104,0.994,2.85,0.46,9.5,5
6.7,0.18,0.3,6.4,0.048,40,251,0.9956,3.29,0.52,10,5
6.2,0.33,0.29,1.3,0.042,26,138,0.9956,3.77,0.64,9.5,5
9,0.31,0.48,6.6,0.043,11,73,0.9938,2.9,0.38,11.6,5
6.1,0.22,0.49,1.5,0.051,18,87,0.9928,3.3,0.46,9.6,5
7.4,0.25,0.49,1.1,0.042,35,156,0.9917,3.13,0.55,11.3,5
8.3,0.2,0.49,1.7,0.04,34,169,0.9938,3.05,0.37,10.1,5
9.1,0.28,0.49,2,0.059,10,112,0.9958,3.15,0.46,10.1,5
6.4,0.18,0.74,11.9,0.046,54,168,0.9978,3.58,0.68,10.1,5
8.9,0.32,0.49,1.6,0.05,17,131,0.9956,3.13,0.34,9.4,5
7.8,0.49,0.49,7,0.043,29,149,0.9952,3.21,0.33,10,5
7.8,0.445,0.56,1,0.04,8,84,0.9938,3.25,0.43,10.8,5
7.5,0.22,0.29,4.8,0.05,33,87,0.994,3.14,0.42,9.9,5
7.1,0.32,0.4,1.5,0.034,13,84,0.9944,3.42,0.6,10.4,5
6.5,0.32,0.12,11.5,0.033,35,165,0.9974,3.22,0.32,9,5
8.3,0.27,0.39,2.4,0.058,16,107,0.9955,3.28,0.59,10.3,5
8.9,0.33,0.34,1.4,0.056,14,171,0.9946,3.13,0.47,9.7,5
6.4,0.22,0.32,7.9,0.029,34,124,0.9948,3.4,0.39,10.2,5
6.8,0.24,0.31,18.3,0.046,40,142,1,3.3,0.41,8.7,5
6.8,0.24,0.31,18.3,0.046,40,142,1,3.3,0.41,8.7,5
6.8,0.35,0.44,6.5,0.056,31,161,0.9952,3.14,0.44,9.5,5
7.2,0.16,0.35,1.2,0.031,27,84,0.9928,3.33,0.34,9.9,5
8,0.25,0.13,17.2,0.036,49,219,0.9996,2.96,0.46,9.7,5
7.6,0.2,0.26,4.5,0.086,37,133,0.9963,3.15,0.42,9.2,5
7.5,0.26,0.26,18.35,0.084,33,139,1.0011,3.17,0.39,8.8,5
7,0.12,0.28,6.3,0.057,17,103,0.9957,3.5,0.44,9.6,5
6.8,0.18,0.46,1.4,0.064,37,160,0.9924,3.37,0.45,11.1,5
5.5,0.14,0.27,4.6,0.029,22,104,0.9949,3.34,0.44,9,5
5.7,0.46,0.46,1.4,0.04,31,169,0.9932,3.13,0.47,8.8,5
7.7,0.28,0.29,4.3,0.051,25,142,0.9939,3.16,0.39,10.2,5
7.6,0.18,0.36,2.4,0.049,38,123,0.996,3.6,0.46,10.3,5
7.2,0.25,0.19,8,0.044,51,172,0.9964,3.16,0.44,9.2,5
8.4,0.28,0.4,8.9,0.048,33,146,0.9988,3.4,0.46,9.3,5
6.2,0.34,0.3,11.1,0.047,28,237,0.9981,3.18,0.49,8.7,5
6.8,0.32,0.34,6,0.05,5,129,0.9953,3.19,0.4,9.1,5
8.5,0.24,0.47,15.2,0.057,40,234,1.0005,3.02,0.66,9,5
6.4,0.29,0.2,15.6,0.04,20,142,0.9962,3.1,0.54,10.6,5
6.9,0.32,0.13,7.8,0.042,11,117,0.996,3.23,0.37,9.2,5
6.4,0.24,0.23,7.3,0.069,31,157,0.9962,3.25,0.53,9.1,5
7.6,0.27,0.33,2,0.059,19,175,0.9944,3.22,0.56,9.9,5
7.1,0.26,0.3,2,0.031,13,128,0.9917,3.19,0.49,11.4,5
7,0.36,0.14,11.6,0.043,35,228,0.9977,3.13,0.51,8.9,5
7.6,0.3,0.4,2.2,0.054,29,175,0.99445,3.19,0.53,9.8,5
6.2,0.45,0.73,7.2,0.099,47,202,0.99582,3.21,0.43,9.2,5
7,0.27,0.29,3.9,0.059,28,199,0.9961,3.54,0.59,10.3,5
6.4,0.27,0.17,8.4,0.044,60,198,0.99578,3.21,0.47,9.4,5
6.6,0.32,0.33,2.5,0.052,40,219.5,0.99316,3.15,0.6,10,5
6.8,0.34,0.1,1.4,0.049,29,118,0.9936,3.21,0.41,9.5,5
6.8,0.21,0.36,18.1,0.046,32,133,1,3.27,0.48,8.8,5
6.6,0.42,0.13,12.8,0.044,26,158,0.99772,3.24,0.47,9,5
6.2,0.33,0.14,4.8,0.052,27,128,0.99475,3.21,0.48,9.4,5
7.3,0.37,0.16,14.9,0.048,59,240,0.99902,3.13,0.45,8.9,5
6.6,0.24,0.28,1.8,0.028,39,132,0.99182,3.34,0.46,11.4,5
6.3,0.34,0.36,4.9,0.035,31,185,0.9946,3.15,0.49,9.7,5
8.2,0.52,0.34,1.2,0.042,18,167,0.99366,3.24,0.39,10.6,5
7.8,0.28,0.31,2.1,0.046,28,208,0.99434,3.23,0.64,9.8,5
6.5,0.28,0.28,20.4,0.041,40,144,1.0002,3.14,0.38,8.7,5
5.8,0.15,0.28,0.8,0.037,43,127,0.99198,3.24,0.51,9.3,5
6.8,0.19,0.23,5.1,0.034,71,204,0.9942,3.23,0.69,10.1,5
7.8,0.25,0.34,13.7,0.044,66,184,0.99976,3.22,0.75,8.9,5
6.9,0.23,0.32,16.4,0.045,62,153,0.9972,3.22,0.42,10.5,5
6.4,0.24,0.25,20.2,0.083,35,157,0.99976,3.17,0.5,9.1,5
6.6,0.25,0.51,8,0.047,61,189,0.99604,3.22,0.49,9.2,5
7.2,0.17,0.41,1.6,0.052,24,126,0.99228,3.19,0.49,10.8,5
6.6,0.31,0.07,1.5,0.033,55,144,0.99208,3.16,0.42,10,5
7.9,0.2,0.39,1,0.041,37,154,0.99093,3.08,0.43,11.9,5
7.9,0.25,0.35,6.7,0.039,22,64,0.99362,2.93,0.49,10.7,5
7,0.24,0.3,6.7,0.039,37,125,0.99436,3.2,0.39,9.9,5
6.6,0.26,0.46,6.9,0.047,59,183,0.99594,3.2,0.45,9.3,5
6.2,0.36,0.14,8.9,0.036,38,155,0.99622,3.27,0.5,9.4,5
5.3,0.21,0.29,0.7,0.028,11,66,0.99215,3.3,0.4,9.8,5
8.4,0.31,0.31,0.95,0.021,52,148,0.99038,2.93,0.32,11.5,5
6.3,0.2,0.37,11.8,0.045,58,130,0.99519,3.2,0.35,10.8,5
7.4,0.21,0.8,12.3,0.038,77,183,0.99778,2.95,0.48,9,5
7.1,0.28,0.35,3.5,0.028,35,91,0.99022,2.96,0.33,12.1,5
6.8,0.25,0.24,1.6,0.045,39,164,0.99402,3.53,0.58,10.8,5
7.2,0.13,0.46,1.3,0.044,48,111,0.99127,2.97,0.45,11.1,5
7.6,0.28,0.49,20.15,0.06,30,145,1.00196,3.01,0.44,8.5,5
7.1,0.25,0.28,1.2,0.04,31,111,0.99174,3.18,0.53,11.1,5
6.7,0.35,0.48,8.8,0.056,35,167,0.99628,3.04,0.47,9.4,5
7.3,0.31,0.25,6.65,0.032,30,138,0.99244,2.9,0.37,11.1,5
6.5,0.27,0.26,11,0.03,2,82,0.99402,3.07,0.36,11.2,5
7.2,0.23,0.25,18.8,0.085,19,111,1.00044,3.1,0.51,8.7,5
7.2,0.23,0.25,18.8,0.085,19,111,1.00044,3.1,0.51,8.7,5
7.5,0.28,0.41,1.3,0.044,11,126,0.99293,3.28,0.45,10.3,5
7.1,0.21,0.72,1.6,0.167,65,120,0.99324,2.97,0.51,9.2,5
7.9,0.21,0.39,2,0.057,21,138,0.99176,3.05,0.52,10.9,5
5.1,0.23,0.18,1,0.053,13,99,0.98956,3.22,0.39,11.5,5
6.8,0.31,0.19,3.5,0.086,30,130,0.993,2.83,0.44,9.6,5
6.4,0.32,0.23,16.2,0.055,36,176,0.9986,3.26,0.54,9.1,5
7.1,0.2,0.37,1.5,0.049,28,129,0.99226,3.15,0.52,10.8,5
6.2,0.28,0.51,7.9,0.056,49,206,0.9956,3.18,0.52,9.4,5
7,0.46,0.2,16.7,0.046,50,184,0.99898,3.08,0.56,9.4,5
6.9,0.4,0.37,8.9,0.053,36,148,0.996,3.16,0.5,9.3,5
6.1,0.22,0.25,12.1,0.035,54,135,0.99481,3.21,0.4,10.7,5
6.4,0.26,0.26,1.1,0.052,22,176,0.99304,3.09,0.54,9.3,5
6.1,0.17,0.21,1.9,0.09,44,130,0.99255,3.07,0.41,9.7,5
6.9,0.37,0.23,9.5,0.057,54,166,0.99568,3.23,0.42,10,5
7.6,0.4,0.27,1.2,0.053,23,193,0.99164,3.22,0.38,11.6,5
6.4,0.21,0.21,5.1,0.097,21,105,0.9939,3.07,0.46,9.6,5
7.9,0.36,0.53,12.9,0.049,63,139,0.99792,2.94,0.45,9.1,5
7,0.44,0.24,12.1,0.056,68,210,0.99718,3.05,0.5,9.5,5
6.4,0.29,0.18,15,0.04,21,116,0.99736,3.14,0.5,9.2,5
6,0.33,0.26,5.1,0.051,16,119,0.99416,3.15,0.41,9.2,5
7.1,0.46,0.23,13.7,0.045,44,192,0.9981,3.11,0.53,9.4,5
7.6,0.28,0.17,1.6,0.046,28,117,0.99288,3.08,0.43,10,5
5.7,0.26,0.24,17.8,0.059,23,124,0.99773,3.3,0.5,10.1,5
6.4,0.29,0.3,6.5,0.209,62,156,0.99478,3.1,0.4,9.4,5
6.4,0.24,0.26,8.2,0.054,47,182,0.99538,3.12,0.5,9.5,5
6.1,0.34,0.21,5,0.042,17,133,0.99373,3.02,0.53,9.4,5
6.4,0.26,0.21,8.2,0.05,51,182,0.99542,3.23,0.48,9.5,5
6.4,0.26,0.21,8.2,0.05,51,182,0.99542,3.23,0.48,9.5,5
6.2,0.25,0.44,15.8,0.057,39,167,0.99804,3.14,0.51,9.2,5
6.6,0.24,0.22,12.3,0.051,35,146,0.99676,3.1,0.67,9.4,5
5.2,0.22,0.46,6.2,0.066,41,187,0.99362,3.19,0.42,9.73333333333333,5
6.1,0.21,0.19,1.4,0.046,51,131,0.99184,3.22,0.39,10.5,5
6.1,0.25,0.18,10.5,0.049,41,124,0.9963,3.14,0.35,10.5,5
8.3,0.18,0.37,1.2,0.049,6,94,0.9937,3.18,0.52,10.1,5
6.9,0.28,0.37,9.1,0.037,16,76,0.9948,3.05,0.54,11.1,5
5.8,0.34,0.21,7.2,0.041,48,146,0.99441,3.16,0.49,9.8,5
6.7,0.61,0.21,1.65,0.117,40,240,0.9938,3.11,0.57,9.3,5
6.4,0.31,0.53,8.8,0.057,36,221,0.99642,3.17,0.44,9.1,5
5.9,0.32,0.26,1.5,0.057,17,141,0.9917,3.24,0.36,10.7,5
6.6,0.16,0.4,1.5,0.044,48,143,0.9912,3.54,0.52,12.4,7
7.4,0.18,0.31,1.4,0.058,38,167,0.9931,3.16,0.53,10,7
6.1,0.3,0.56,2.8,0.044,47,179,0.9924,3.3,0.57,10.9,7
7.9,0.22,0.38,8,0.043,46,152,0.9934,3.12,0.32,11.5,7
6.8,0.21,0.27,2.1,0.03,26,139,0.99,3.16,0.61,12.6,7
5.8,0.2,0.27,1.4,0.031,12,77,0.9905,3.25,0.36,10.9,7
6.2,0.28,0.22,7.3,0.041,26,157,0.9957,3.44,0.64,9.8,7
7.2,0.19,0.46,3.8,0.041,82,187,0.9932,3.19,0.6,11.2,7
6.2,0.33,0.27,4.9,0.036,30,134,0.9927,3.2,0.42,10.4,7
6.6,0.18,0.35,1.5,0.049,49,141,0.9934,3.43,0.85,10.2,7
7.3,0.2,0.44,1.4,0.045,21,98,0.9924,3.15,0.46,10,7
6,0.36,0.39,3.2,0.027,20,125,0.991,3.38,0.39,11.3,7
7,0.3,0.38,14.9,0.032,60,181,0.9983,3.18,0.61,9.3,7
5.9,0.46,0.14,2.7,0.042,27,160,0.9931,3.46,0.51,10.6,7
7.4,0.28,0.36,1.1,0.028,42,105,0.9893,2.99,0.39,12.4,7
6,0.24,0.27,1.9,0.048,40,170,0.9938,3.64,0.54,10,7
7.8,0.28,0.34,1.6,0.028,32,118,0.9901,3,0.38,12.1,7
7.8,0.28,0.34,1.6,0.028,32,118,0.9901,3,0.38,12.1,7
7.4,0.3,0.22,1.4,0.046,16,135,0.9928,3.08,0.77,10.4,7
7.1,0.22,0.33,2.8,0.033,48,153,0.9899,3.15,0.38,12.7,7
7.8,0.32,0.33,2.4,0.037,18,101,0.9912,3.21,0.65,11.7,7
5.9,0.34,0.22,2.4,0.03,19,135,0.9894,3.41,0.78,13.9,7
8.8,0.28,0.45,6,0.022,14,49,0.9934,3.01,0.33,11.1,7
5.9,0.24,0.3,2,0.033,28,92,0.99225,3.39,0.69,10.9,7
6.9,0.18,0.36,1.3,0.036,40,117,0.9934,3.27,0.95,9.5,7
6.1,0.34,0.27,2.6,0.024,20,105,0.9906,3.4,0.67,12.2,7
7,0.31,0.29,1.4,0.037,33,128,0.9896,3.12,0.36,12.2,7
5.8,0.26,0.18,1.2,0.031,40,114,0.9908,3.42,0.4,11,7
7,0.11,0.32,4.6,0.057,59,144,0.9956,3.55,0.44,9.4,7
6.7,0.25,0.33,2.9,0.057,52,173,0.9934,3.02,0.48,9.5,7
5.4,0.415,0.19,1.6,0.039,27,88,0.99265,3.54,0.41,10,7
5.1,0.42,0.01,1.5,0.017,25,102,0.9894,3.38,0.36,12.3,7
6,0.27,0.19,1.7,0.02,24,110,0.9898,3.32,0.47,12.6,7
7.7,0.28,0.39,8.9,0.036,8,117,0.9935,3.06,0.38,12,7
7,0.17,0.33,4,0.034,17,127,0.9934,3.19,0.39,10.6,7
7.9,0.44,0.37,5.85,0.033,27,93,0.992,3.16,0.54,12.6,7
5.3,0.26,0.23,5.15,0.034,48,160,0.9952,3.82,0.51,10.5,7
8,0.22,0.42,14.6,0.044,45,163,1.0003,3.21,0.69,8.6,7
8,0.22,0.42,14.6,0.044,45,163,1.0003,3.21,0.69,8.6,7
6.6,0.16,0.29,1.8,0.05,40,147,0.9912,3.06,0.44,11.4,7
8.3,0.21,0.4,1.6,0.032,35,110,0.9907,3.02,0.6,12.9,7
7.7,0.32,0.48,2.3,0.04,28,114,0.9911,3.2,0.52,12.8,7
7,0.46,0.39,6.2,0.039,46,163,0.9928,3.21,0.35,12.2,7
8.2,0.35,0.4,6.3,0.039,35,162,0.9936,3.15,0.34,11.9,7
6.5,0.19,0.32,1.4,0.04,31,132,0.9922,3.36,0.54,10.8,7
8.3,0.26,0.41,9.2,0.042,41,162,0.9944,3.1,0.38,12,7
6.9,0.23,0.34,2.7,0.032,24,121,0.9902,3.14,0.38,12.4,7
5.6,0.49,0.13,4.5,0.039,17,116,0.9907,3.42,0.9,13.7,7
8.2,0.18,0.49,1.1,0.033,28,81,0.9923,3,0.68,10.4,7
8.2,0.18,0.49,1.1,0.033,28,81,0.9923,3,0.68,10.4,7
7.6,0.29,0.49,9.6,0.03,45,197,0.9938,3.13,0.38,12.3,7
7.4,0.19,0.49,9.3,0.03,26,132,0.994,2.99,0.32,11,7
7.3,0.22,0.49,9.4,0.034,29,134,0.9939,2.99,0.32,11,7
6.9,0.3,0.49,7.6,0.057,25,156,0.9962,3.43,0.63,11,7
6.9,0.24,0.49,1.3,0.032,35,148,0.9932,3.45,0.57,10.7,7
9,0.17,0.49,1,0.039,46,131,0.993,3.09,0.51,10.5,7
7.2,0.25,0.28,14.4,0.055,55,205,0.9986,3.12,0.38,9,7
8.2,0.42,0.29,4.1,0.03,31,100,0.9911,3,0.32,12.8,7
7.4,0.21,0.27,7.3,0.031,41,144,0.9932,3.15,0.38,11.8,7
8.1,0.26,0.33,11.1,0.052,52.5,158,0.9976,3.03,0.49,10.2,7
8,0.23,0.35,9.2,0.044,53,186,0.997,3.09,0.56,9.5,7
8,0.4,0.33,7.7,0.034,27,98,0.9935,3.18,0.41,12.2,7
6.7,0.31,0.31,4.9,0.031,20,151,0.9926,3.36,0.82,12,7
7.4,0.19,0.3,12.8,0.053,48.5,229,0.9986,3.14,0.49,9.1,7
7.4,0.19,0.3,12.8,0.053,48.5,212,0.9986,3.14,0.49,9.1,7
6,0.34,0.24,5.4,0.06,23,126,0.9951,3.25,0.44,9,7
6.5,0.24,0.36,2.2,0.027,36,134,0.9898,3.28,0.36,12.5,7
8,0.45,0.28,10.8,0.051,25,157,0.9957,3.06,0.47,11.4,7
7.1,0.2,0.36,11.6,0.042,45,124,0.997,2.92,0.59,9.5,7
6.9,0.28,0.31,7.2,0.04,47,168,0.9946,3.29,0.57,10.6,7
7.3,0.3,0.33,2.3,0.043,28,125,0.99084,3.34,0.44,12.6,7
7,0.36,0.3,5,0.04,40,143,0.99173,3.33,0.42,12.2,7
6.8,0.32,0.3,3.3,0.029,15,80,0.99061,3.33,0.63,12.6,7
7.4,0.2,0.31,1.6,0.038,34,116,0.9912,3.25,0.39,12,7
6.4,0.17,0.34,1.5,0.091,42,135,0.9938,3.25,0.49,9.6,7
7,0.26,0.26,10.8,0.039,37,184,0.99787,3.47,0.58,10.3,7
7.1,0.34,0.31,5.2,0.032,36,140,0.99166,3.35,0.47,12.3,7
7.1,0.12,0.3,3.1,0.018,15,37,0.99004,3.02,0.52,11.9,7
6.5,0.18,0.33,1.4,0.029,35,138,0.99114,3.36,0.6,11.5,7
6.3,0.13,0.42,1.1,0.043,63,146,0.99066,3.13,0.72,11.2,7
6.4,0.15,0.44,1.2,0.043,67,150,0.9907,3.14,0.73,11.2,7
6.4,0.15,0.44,1.2,0.043,67,150,0.9907,3.14,0.73,11.2,7
5.8,0.3,0.27,1.7,0.014,45,104,0.98914,3.4,0.56,12.6,7
6.8,0.18,0.3,12.8,0.062,19,171,0.99808,3,0.52,9,7
5.4,0.5,0.13,5,0.028,12,107,0.99079,3.48,0.88,13.5,7
6.8,0.11,0.42,1.1,0.042,51,132,0.99059,3.18,0.74,11.3,7
6.7,0.3,0.29,2.8,0.025,37,107,0.99159,3.31,0.63,11.3,7
5.9,0.34,0.31,2,0.03,38,142,0.98892,3.4,0.41,12.9,7
7.2,0.32,0.24,5.6,0.033,23,120,0.99334,2.92,0.66,10.3,7
7.6,0.39,0.32,3.6,0.035,22,93,0.99144,3.08,0.6,12.5,7
6.5,0.37,0.3,2.2,0.033,39,107,0.98894,3.22,0.53,13.5,7
6.9,0.31,0.32,1.6,0.036,34,114,0.99068,3.19,0.45,11.4,7
5.8,0.32,0.31,2.7,0.049,25,153,0.99067,3.44,0.73,12.2,7
5.8,0.22,0.29,0.9,0.034,34,89,0.98936,3.14,0.36,11.1,7
5.6,0.18,0.58,1.25,0.034,29,129,0.98984,3.51,0.6,12,7
6.8,0.475,0.33,3.95,0.047,16,81,0.98988,3.23,0.53,13.4,7
6.5,0.22,0.32,2.2,0.028,36,92,0.99076,3.27,0.59,11.9,7
7.7,0.11,0.34,14.05,0.04,41,114,0.99634,3.07,0.59,11,7
7.5,0.38,0.29,4.9,0.021,38,113,0.99026,3.08,0.48,13,7
6.3,0.37,0.28,6.3,0.034,45,152,0.9921,3.29,0.46,11.6,7
6.3,0.37,0.28,6.3,0.034,45,152,0.9921,3.29,0.46,11.6,7
5.8,0.31,0.32,4.5,0.024,28,94,0.98906,3.25,0.52,13.7,7
7,0.25,0.45,2.3,0.045,40,118,0.99064,3.16,0.48,11.9,7
5.1,0.33,0.27,6.7,0.022,44,129,0.99221,3.36,0.39,11,7
6.7,0.14,0.51,4.3,0.028,57,124,0.99176,2.91,0.54,10.7,7
5.9,0.33,0.32,8.1,0.038,9,34,0.9911,3.22,0.36,12.7,7
6.8,0.39,0.34,7.4,0.02,38,133,0.99212,3.18,0.44,12,7
6.8,0.39,0.34,7.4,0.02,38,133,0.99212,3.18,0.44,12,7
6.7,0.18,0.37,1.3,0.027,42,125,0.98939,3.24,0.37,12.8,7
5.8,0.3,0.42,1.1,0.036,19,113,0.98871,3.1,0.46,12.6,7
6.4,0.25,0.37,4.5,0.039,41,147,0.9921,3.18,0.4,11.1,7
6.5,0.32,0.34,5.7,0.044,27,91,0.99184,3.28,0.6,12,7
6.4,0.23,0.32,1.9,0.038,40,118,0.99074,3.32,0.53,11.8,7
6.8,0.17,0.35,1.8,0.04,29,84,0.98961,2.91,0.57,12,7
7.3,0.145,0.33,1.1,0.042,14,64,0.99012,3.1,0.37,11.8,7
5.8,0.18,0.37,1.2,0.036,19,74,0.98853,3.09,0.49,12.7,7
5.9,0.2,0.28,12.8,0.038,29,132,0.99426,3.31,0.57,11.8,7
7,0.22,0.28,10.6,0.039,32,117,0.99355,3.05,0.55,11.5,7
6.1,0.3,0.3,2.1,0.031,50,163,0.9895,3.39,0.43,12.7,7
6.7,0.47,0.29,4.75,0.034,29,134,0.99056,3.29,0.46,13,7
6.6,0.21,0.29,5.35,0.029,43,106,0.99112,2.93,0.43,11.5,7
5.8,0.32,0.2,2.6,0.027,17,123,0.98936,3.36,0.78,13.9,7
6,0.28,0.27,15.5,0.036,31,134,0.99408,3.19,0.44,13,7
6.3,0.22,0.28,2.4,0.042,38,102,0.98998,3.14,0.37,11.6,7
6.1,0.33,0.3,3,0.036,30,124,0.98922,3.31,0.4,13.1,7
7.2,0.33,0.34,2,0.044,61,171,0.98947,3.25,0.53,13.3,7
6.9,0.33,0.62,7.5,0.038,46,132,0.99143,3.23,0.43,13.4,7
6.6,0.19,0.35,1.5,0.037,37,107,0.99006,3.18,0.68,12,7
5.6,0.28,0.28,4.2,0.044,52,158,0.992,3.35,0.44,10.7,7
6.6,0.36,0.28,6.1,0.029,12,93,0.99054,3.19,0.27,12.8,7
7.6,0.31,0.27,8.8,0.021,57,156,0.99442,3.08,0.38,11,7
6.4,0.24,0.23,2,0.046,30,133,0.9908,3.12,0.54,11.4,7
5.4,0.3,0.3,1.2,0.029,25,93,0.98742,3.31,0.4,13.6,7
6.8,0.31,0.3,8,0.028,33,122,0.99164,3.13,0.63,12.6,7
5.7,0.265,0.28,6.9,0.036,46,150,0.99299,3.36,0.44,10.8,7
7,0.15,0.28,14.7,0.051,29,149,0.99792,2.96,0.39,9,7
7,0.15,0.28,14.7,0.051,29,149,0.99792,2.96,0.39,9,7
5.9,0.17,0.29,3.1,0.03,32,123,0.98913,3.41,0.33,13.7,7
6.6,0.39,0.22,4,0.038,17,98,0.99018,3.25,0.53,13,7
6.5,0.38,0.26,5.2,0.042,33,112,0.99067,3.06,0.5,12.3,7
7.4,0.16,0.27,15.5,0.05,25,135,0.9984,2.9,0.43,8.7,7
6.4,0.25,0.28,4.9,0.03,29,98,0.99024,3.09,0.58,12.8,7
7.4,0.16,0.3,13.7,0.056,33,168,0.99825,2.9,0.44,8.7,7
5.7,0.28,0.36,1.8,0.041,38,90,0.99002,3.27,0.98,11.9,7
7.1,0.23,0.3,2.6,0.034,62,148,0.99121,3.03,0.56,11.3,7
5.6,0.26,0.27,10.6,0.03,27,119,0.9947,3.4,0.34,10.7,7
6.1,0.44,0.28,4.25,0.032,43,132,0.9916,3.26,0.47,11.2666666666667,7
7.5,0.305,0.38,1.4,0.047,30,95,0.99158,3.22,0.52,11.5,7
5,0.24,0.34,1.1,0.034,49,158,0.98774,3.32,0.32,13.1,7
5.8,0.26,0.29,1,0.042,35,101,0.99044,3.36,0.48,11.4,7
5.7,0.39,0.25,4.9,0.033,49,113,0.98966,3.26,0.58,13.1,7
6,0.29,0.41,10.8,0.048,55,149,0.9937,3.09,0.59,11,7
6.1,0.16,0.34,6.1,0.034,31,114,0.99365,3.32,0.58,10.15,7
6,0.17,0.33,6,0.036,30,111,0.99362,3.32,0.58,10.15,7
5.8,0.35,0.29,3.2,0.034,41,151,0.9912,3.35,0.58,11.6333333333333,7
5.9,0.12,0.28,1.4,0.037,36,83,0.99074,3.33,0.42,10.9,7
6.1,0.24,0.32,9,0.031,41,134,0.99234,3.25,0.26,12.3,7
5.1,0.25,0.36,1.3,0.035,40,78,0.9891,3.23,0.64,12.1,7
6,0.38,0.26,3.5,0.035,38,111,0.98872,3.18,0.47,13.6,7
5.2,0.21,0.31,1.7,0.048,17,61,0.98953,3.24,0.37,12,7
6.4,0.105,0.29,1.1,0.035,44,140,0.99142,3.17,0.55,10.7,7
6.4,0.31,0.5,5.8,0.038,42,111,0.99189,3.18,0.53,11.9,7
6.2,0.41,0.22,1.9,0.023,5,56,0.98928,3.04,0.79,13,7
6.2,0.66,0.48,1.2,0.029,29,75,0.9892,3.33,0.39,12.8,8
6.2,0.66,0.48,1.2,0.029,29,75,0.9892,3.33,0.39,12.8,8
6.8,0.26,0.42,1.7,0.049,41,122,0.993,3.47,0.48,10.5,8
6.7,0.23,0.31,2.1,0.046,30,96,0.9926,3.33,0.64,10.7,8
6.7,0.23,0.31,2.1,0.046,30,96,0.9926,3.33,0.64,10.7,8
5.2,0.44,0.04,1.4,0.036,43,119,0.9894,3.36,0.33,12.1,8
5.2,0.44,0.04,1.4,0.036,43,119,0.9894,3.36,0.33,12.1,8
6.8,0.53,0.35,3.8,0.034,26,109,0.9906,3.26,0.57,12.7,8
6.7,0.26,0.39,1.1,0.04,45,147,0.9935,3.32,0.58,9.6,8
7,0.24,0.36,2.8,0.034,22,112,0.99,3.19,0.38,12.6,8
6.1,0.31,0.58,5,0.039,36,114,0.9909,3.3,0.6,12.3,8
5,0.55,0.14,8.3,0.032,35,164,0.9918,3.53,0.51,12.5,8
6.4,0.32,0.35,4.8,0.03,34,101,0.9912,3.36,0.6,12.5,8
7,0.23,0.36,7.1,0.028,31,104,0.9922,3.35,0.47,12.1,8
6.6,0.16,0.32,1.4,0.035,49,186,0.9906,3.35,0.64,12.4,8
6,0.25,0.28,2.2,0.026,54,126,0.9898,3.43,0.65,12.9,8
6.5,0.36,0.28,3.2,0.037,29,119,0.9908,3.25,0.65,12.4,8
6.2,0.24,0.29,13.3,0.039,49,130,0.9952,3.33,0.46,11,8
6.6,0.33,0.31,1.3,0.02,29,89,0.99035,3.26,0.44,12.4,8
8.1,0.17,0.44,14.1,0.053,43,145,1.0006,3.28,0.75,8.8,8
8.1,0.17,0.44,14.1,0.053,43,145,1.0006,3.28,0.75,8.8,8
6,0.18,0.31,1.4,0.036,14,75,0.99085,3.34,0.58,11.1,8
7.3,0.3,0.34,2.7,0.044,34,108,0.99105,3.36,0.53,12.8,8
7.5,0.42,0.34,4.3,0.04,34,108,0.99155,3.14,0.45,12.8,8
7.3,0.25,0.36,2.1,0.034,30,177,0.99085,3.25,0.4,11.9,8
7.3,0.25,0.36,2.1,0.034,30,177,0.99085,3.25,0.4,11.9,8
7.3,0.25,0.36,2.1,0.034,30,177,0.99085,3.25,0.4,11.9,8
7.3,0.21,0.29,1.6,0.034,29,118,0.9917,3.3,0.5,11,8
7.3,0.21,0.29,1.6,0.034,29,118,0.9917,3.3,0.5,11,8
8.1,0.27,0.35,1.7,0.03,38,103,0.99255,3.22,0.63,10.4,8
7.8,0.18,0.46,12.6,0.042,41,143,1,3.24,0.76,8.5,8
6.9,0.12,0.36,2.2,0.037,18,111,0.9919,3.41,0.82,11.9,8
6.9,0.21,0.28,2.4,0.056,49,159,0.9944,3.02,0.47,8.8,8
7.1,0.25,0.39,2.1,0.036,30,124,0.9908,3.28,0.43,12.2,8
7.9,0.28,0.41,2,0.044,50,152,0.9934,3.45,0.49,10.7,8
6.8,0.19,0.32,7.05,0.019,54,188,0.9935,3.25,0.37,11.1,8
5.2,0.24,0.45,3.8,0.027,21,128,0.992,3.55,0.49,11.2,8
7,0.24,0.32,1.3,0.037,39,123,0.992,3.17,0.42,11.2,8
5.3,0.24,0.33,1.3,0.033,25,97,0.9906,3.59,0.38,11,8
5.2,0.24,0.45,3.8,0.027,21,128,0.992,3.55,0.49,11.2,8
7,0.15,0.38,2.2,0.047,33,96,0.9928,3.13,0.39,10.4,8
6,0.26,0.42,5.2,0.027,70,178,0.9914,3.4,0.4,12.3,8
6.1,0.31,0.37,8.4,0.031,70,170,0.9934,3.42,0.4,11.7,8
6.6,0.21,0.38,2.2,0.026,40,104,0.9914,3.25,0.4,11.1,8
8.2,0.37,0.36,1,0.034,17,93,0.9906,3.04,0.32,11.7,8
7.2,0.26,0.44,7.1,0.027,25,126,0.993,3.02,0.34,11.1,8
8.2,0.37,0.36,1,0.034,17,93,0.9906,3.04,0.32,11.7,8
7.5,0.28,0.34,4.2,0.028,36,116,0.991,2.99,0.41,12.3,8
8,0.45,0.36,8.8,0.026,50,151,0.9927,3.07,0.25,12.7,8
6.8,0.24,0.4,1.8,0.047,34,105,0.99,3.13,0.49,12.8,8
7.8,0.21,0.39,1.8,0.034,62,180,0.991,3.09,0.75,12.6,8
7.8,0.29,0.36,7,0.042,38,161,0.9941,3.26,0.37,11.2,8
7.3,0.23,0.37,1.9,0.041,51,165,0.9908,3.26,0.4,12.2,8
7.3,0.39,0.37,1.1,0.043,36,113,0.991,3.39,0.48,12.7,8
7.8,0.29,0.36,7,0.042,38,161,0.9941,3.26,0.37,11.2,8
6.8,0.35,0.32,2.4,0.048,35,103,0.9911,3.28,0.46,12,8
7.4,0.4,0.29,5.4,0.044,31,122,0.994,3.3,0.5,11.1,8
7.1,0.26,0.31,2.2,0.044,29,128,0.9937,3.34,0.64,10.9,8
8.2,0.22,0.36,6.8,0.034,12,90,0.9944,3.01,0.38,10.5,8
8,0.34,0.49,9,0.033,39,180,0.9936,3.13,0.38,12.3,8
7.7,0.35,0.49,8.65,0.033,42,186,0.9931,3.14,0.38,12.4,8
7,0.17,0.74,12.8,0.045,24,126,0.9942,3.26,0.38,12.2,8
6.2,0.22,0.49,6,0.029,31,128,0.9928,3.41,0.36,11.3,8
7.1,0.28,0.49,6.5,0.041,28,111,0.9926,3.41,0.58,12.2,8
6.5,0.13,0.37,1,0.036,48,114,0.9911,3.41,0.51,11.5,8
6.5,0.18,0.34,1.6,0.04,43,148,0.9912,3.32,0.59,11.5,8
6.5,0.18,0.34,1.6,0.04,43,148,0.9912,3.32,0.59,11.5,8
6.4,0.15,0.36,1.8,0.034,43,150,0.9922,3.42,0.69,11,8
6.4,0.15,0.36,1.8,0.034,43,150,0.9922,3.42,0.69,11,8
6.9,0.25,0.27,9.05,0.039,37,128,0.9936,3.27,0.34,11.3,8
7.6,0.2,0.3,14.2,0.056,53,212.5,0.999,3.14,0.46,8.9,8
7.6,0.2,0.3,14.2,0.056,53,212.5,0.999,3.14,0.46,8.9,8
7.6,0.2,0.3,14.2,0.056,53,212.5,0.999,3.14,0.46,8.9,8
7.6,0.2,0.3,14.2,0.056,53,212.5,0.999,3.14,0.46,8.9,8
7.6,0.2,0.3,14.2,0.056,53,212.5,0.999,3.14,0.46,8.9,8
6.3,0.41,0.18,3.5,0.027,23,109,0.99018,3.34,0.54,12.8,8
6.8,0.37,0.28,1.9,0.024,64,106,0.98993,3.45,0.6,12.6,8
7.7,0.4,0.27,4.5,0.034,27,95,0.99175,3.21,0.59,12.3,8
6.9,0.15,0.28,4.4,0.029,14,107,0.99347,3.24,0.46,10.4,8
6.9,0.15,0.28,4.4,0.029,14,107,0.99347,3.24,0.46,10.4,8
6.8,0.46,0.26,2.7,0.042,28,83,0.99114,3.38,0.51,12,8
7,0.28,0.26,1.7,0.042,34,130,0.9925,3.43,0.5,10.7,8
7.3,0.17,0.24,8.1,0.121,32,162,0.99508,3.17,0.38,10.4,8
8,0.13,0.25,1.1,0.033,15,86,0.99044,2.98,0.39,11.2,8
5.8,0.17,0.34,1.8,0.045,96,170,0.99035,3.38,0.9,11.8,8
5.8,0.17,0.34,1.8,0.045,96,170,0.99035,3.38,0.9,11.8,8
5.8,0.315,0.27,1.55,0.026,15,70,0.98994,3.37,0.4,11.9,8
7,0.36,0.32,10.05,0.045,37,131,0.99352,3.09,0.33,11.7,8
7,0.36,0.32,10.05,0.045,37,131,0.99352,3.09,0.33,11.7,8
7,0.36,0.32,10.5,0.045,35,135,0.9935,3.09,0.33,11.6,8
6.4,0.22,0.32,7.2,0.028,15,83,0.993,3.13,0.55,10.9,8
5.5,0.15,0.32,14,0.031,16,99,0.99437,3.26,0.38,11.5,8
6.4,0.22,0.32,7.2,0.028,15,83,0.993,3.13,0.55,10.9,8
6.6,0.29,0.31,3.9,0.027,39,96,0.99035,3.24,0.6,12.6,8
5.8,0.21,0.32,1.6,0.045,38,95,0.98946,3.23,0.94,12.4,8
5.2,0.285,0.29,5.15,0.035,64,138,0.9895,3.19,0.34,12.4,8
6.5,0.44,0.47,5.45,0.014,44,137,0.98984,3.13,0.32,13,8
5.2,0.155,0.33,1.6,0.028,13,59,0.98975,3.3,0.84,11.9,8
5.6,0.21,0.4,1.3,0.041,81,147,0.9901,3.22,0.95,11.6,8
5.2,0.155,0.33,1.6,0.028,13,59,0.98975,3.3,0.84,11.9,8
7,0.12,0.29,10.3,0.039,41,98,0.99564,3.19,0.38,9.8,8
7,0.12,0.29,10.3,0.039,41,98,0.99564,3.19,0.38,9.8,8
7,0.12,0.29,10.3,0.039,41,98,0.99564,3.19,0.38,9.8,8
4.9,0.33,0.31,1.2,0.016,39,150,0.98713,3.33,0.59,14,8
5.5,0.34,0.26,2.2,0.021,31,119,0.98919,3.55,0.49,13,8
6.5,0.35,0.36,0.8,0.034,32,111,0.98942,3.11,0.5,12.1,8
6.8,0.22,0.31,6.9,0.037,33,121,0.99176,3.02,0.39,11.9,8
7.1,0.47,0.29,14.8,0.024,22,142,0.99518,3.12,0.48,12,8
7.1,0.47,0.29,14.8,0.024,22,142,0.99518,3.12,0.48,12,8
6.8,0.28,0.43,7.6,0.03,30,110,0.99164,3.08,0.59,12.5,8
7,0.53,0.43,6.1,0.029,6,76,0.99118,3.08,0.5,12.5,8
6.8,0.28,0.43,7.6,0.03,30,110,0.99164,3.08,0.59,12.5,8
6.7,0.33,0.36,6.6,0.042,34,116,0.99123,2.97,0.31,12.2,8
6.7,0.33,0.34,7.5,0.036,39,124,0.99123,2.99,0.32,12.4,8
6.9,0.36,0.35,8.6,0.038,37,125,0.9916,3,0.32,12.4,8
7,0.17,0.36,6.4,0.055,42,123,0.99318,3.11,0.5,11,8
7.1,0.26,0.37,5.5,0.025,31,105,0.99082,3.06,0.33,12.6,8
5.3,0.3,0.16,4.2,0.029,37,100,0.9905,3.3,0.36,11.8,8
6.5,0.26,0.31,3.6,0.03,36,92,0.99026,3.22,0.62,12.6,8
6.6,0.23,0.3,4.6,0.06,29,154,0.99142,3.23,0.49,12.2,8
5.6,0.12,0.33,2.9,0.044,21,73,0.98896,3.17,0.32,12.9,8
5.6,0.12,0.33,2.9,0.044,21,73,0.98896,3.17,0.32,12.9,8
6.1,0.28,0.27,4.7,0.03,56,140,0.99042,3.16,0.42,12.5,8
6.1,0.28,0.27,4.7,0.03,56,140,0.99042,3.16,0.42,12.5,8
6.9,0.28,0.3,8.3,0.026,37,113,0.99139,2.99,0.38,12.3,8
6.3,0.29,0.28,4.7,0.059,28,81,0.99036,3.24,0.56,12.7,8
6.2,0.28,0.28,4.3,0.026,22,105,0.989,2.98,0.64,13.1,8
6.6,0.15,0.32,6,0.033,59,128,0.99192,3.19,0.71,12.1,8
6.6,0.15,0.32,6,0.033,59,128,0.99192,3.19,0.71,12.1,8
6.7,0.24,0.3,3.85,0.042,105,179,0.99189,3.04,0.59,11.3,8
6.6,0.16,0.36,1.1,0.031,27,93,0.98884,3.23,0.34,13.2,8
6.7,0.24,0.3,3.85,0.042,105,179,0.99189,3.04,0.59,11.3,8
6.5,0.3,0.27,4,0.038,37,97,0.99026,3.2,0.6,12.6,8
6.2,0.37,0.24,6.1,0.032,19,86,0.98934,3.04,0.26,13.4,8
6.2,0.37,0.24,6.1,0.032,19,86,0.98934,3.04,0.26,13.4,8
6.7,0.28,0.31,7.4,0.041,7,81,0.99254,3.04,0.47,11.4,8
5.7,0.15,0.47,11.4,0.035,49,128,0.99456,3.03,0.34,10.5,8
5.4,0.53,0.16,2.7,0.036,34,128,0.98856,3.2,0.53,13.2,8
5.8,0.32,0.28,4.3,0.032,46,115,0.98946,3.16,0.57,13,8
5,0.29,0.54,5.7,0.035,54,155,0.98976,3.27,0.34,12.9,8
5.8,0.32,0.28,4.3,0.032,46,115,0.98946,3.16,0.57,13,8
7.3,0.41,0.29,1.8,0.032,26,74,0.98889,2.96,0.35,13,8
7,0.22,0.26,9.2,0.027,37,122,0.99228,3.06,0.34,12.5,8
7,0.22,0.26,9.2,0.027,37,122,0.99228,3.06,0.34,12.5,8
5.4,0.46,0.15,2.1,0.026,29,130,0.98953,3.39,0.77,13.4,8
5.4,0.46,0.15,2.1,0.026,29,130,0.98953,3.39,0.77,13.4,8
6.6,0.5,0.26,11.3,0.029,32,110,0.99302,3.27,0.78,12.9,8
6.5,0.33,0.24,14.5,0.048,20,96,0.99456,3.06,0.3,11.5,8
6.5,0.43,0.31,3.6,0.046,19,143,0.99022,3.15,0.34,12,8
6.3,0.17,0.32,1,0.04,39,118,0.98886,3.31,0.4,13.1,8
7.1,0.45,0.24,2.7,0.04,24,87,0.98862,2.94,0.38,13.4,8
7.3,0.19,0.27,13.9,0.057,45,155,0.99807,2.94,0.41,8.8,8
7.3,0.19,0.27,13.9,0.057,45,155,0.99807,2.94,0.41,8.8,8
7.3,0.19,0.27,13.9,0.057,45,155,0.99807,2.94,0.41,8.8,8
7.3,0.19,0.27,13.9,0.057,45,155,0.99807,2.94,0.41,8.8,8
7.3,0.19,0.27,13.9,0.057,45,155,0.99807,2.94,0.41,8.8,8
6.8,0.24,0.29,2,0.044,15,96,0.99232,3.23,0.64,10.4,8
7.3,0.19,0.27,13.9,0.057,45,155,0.99807,2.94,0.41,8.8,8
5.2,0.3,0.34,1.5,0.038,18,96,0.98942,3.56,0.48,13,8
6.4,0.32,0.25,5,0.055,28,138,0.99171,3.27,0.5,12.4,8
4.4,0.32,0.39,4.3,0.03,31,127,0.98904,3.46,0.36,12.8,8
3.9,0.225,0.4,4.2,0.03,29,118,0.989,3.57,0.36,12.8,8
5.8,0.28,0.34,2.2,0.037,24,125,0.98986,3.36,0.33,12.8,8
6.2,0.45,0.26,4.4,0.063,63,206,0.994,3.27,0.52,9.8,4
9.8,0.36,0.46,10.5,0.038,4,83,0.9956,2.89,0.3,10.1,4
5.5,0.485,0,1.5,0.065,8,103,0.994,3.63,0.4,9.7,4
6.4,0.595,0.14,5.2,0.058,15,97,0.9951,3.38,0.36,9,4
7.6,0.48,0.37,0.8,0.037,4,100,0.9902,3.03,0.39,11.4,4
7.2,0.32,0.47,5.1,0.044,19,65,0.991,3.03,0.41,12.6,4
6,0.67,0.07,1.2,0.06,9,108,0.9931,3.11,0.35,8.7,4
6.5,0.28,0.28,8.5,0.047,54,210,0.9962,3.09,0.54,8.9,4
5.8,0.28,0.35,2.3,0.053,36,114,0.9924,3.28,0.5,10.2,4
10.2,0.44,0.88,6.2,0.049,20,124,0.9968,2.99,0.51,9.9,4
6.8,0.64,0.08,9.7,0.062,26,142,0.9972,3.37,0.46,8.9,4
5.9,0.21,0.28,4.6,0.053,40,199,0.9964,3.72,0.7,10,4
5.8,0.36,0.38,0.9,0.037,3,75,0.9904,3.28,0.34,11.4,4
6.8,0.32,0.34,1.2,0.044,14,67,0.9919,3.05,0.47,10.6,4
6.8,0.44,0.37,5.1,0.047,46,201,0.9938,3.08,0.65,10.5,4
7.2,0.55,0.09,1.5,0.108,16,151,0.9938,3.07,0.57,9.2,4
7.2,0.4,0.62,10.8,0.041,70,189,0.9976,3.08,0.49,8.6,4
7.2,0.4,0.62,10.8,0.041,70,189,0.9976,3.08,0.49,8.6,4
7.2,0.31,0.46,5,0.04,3,29,0.9906,3.04,0.53,12.5,4
6.7,0.31,0.31,9.9,0.04,10,175,0.9953,3.46,0.55,11.4,4
7.6,0.56,0.12,10.4,0.096,22,177,0.9983,3.32,0.45,9.1,4
6.1,0.28,0.25,12.9,0.054,34,189,0.9979,3.25,0.43,9,4
6.5,0.33,0.72,1.1,0.061,7,151,0.993,3.09,0.57,9.5,4
6.8,0.29,0.16,1.4,0.038,122.5,234.5,0.9922,3.15,0.47,10,4
7,0.57,0.1,8.3,0.094,23,188,0.9972,3.4,0.47,9.2,4
6.8,0.67,0.3,13,0.29,22,193,0.9984,3.08,0.67,9,4
6.9,0.2,0.34,1.9,0.043,25,136,0.9935,3.31,0.6,10.1,4
6.6,0.38,0.18,1.2,0.042,20,84,0.9927,3.22,0.45,10.1,4
6,0.395,0,1.4,0.042,7,55,0.99135,3.37,0.38,11.2,4
7.4,0.17,0.4,5.5,0.037,34,161,0.9935,3.05,0.62,11.5,4
8.4,0.19,0.42,1.6,0.047,9,101,0.994,3.06,0.65,11.1,4
8.3,0.27,0.45,1.3,0.048,8,72,0.9944,3.08,0.61,10.3,4
8,0.23,0.37,9.6,0.054,23,159,0.99795,3.32,0.47,9.8,4
8,0.32,0.26,1.2,0.05,11.5,88,0.9946,3.24,0.37,9.5,4
6.8,0.705,0.25,3.2,0.048,10,57,0.996,3.36,0.52,9.5,4
8.2,0.26,0.44,1.3,0.046,7,69,0.9944,3.14,0.62,10.2,4
7,0.24,0.18,1.3,0.046,9,62,0.994,3.38,0.47,10.1,4
8,0.55,0.17,8.2,0.04,13,60,0.9956,3.09,0.3,9.5,4
6.3,0.6,0.44,11,0.05,50,245,0.9972,3.19,0.57,9.3,4
8.2,0.68,0.3,2.1,0.047,17,138,0.995,3.22,0.71,10.8,4
7.3,0.49,0.32,5.2,0.043,18,104,0.9952,3.24,0.45,10.7,4
9.4,0.29,0.55,2.2,0.05,17,119,0.9962,3.12,0.69,10.3,4
5.3,0.3,0.2,1.1,0.077,48,166,0.9944,3.3,0.54,8.7,4
9.2,0.22,0.4,2.4,0.054,18,151,0.9952,3.04,0.46,9.3,4
6.5,0.52,0.17,1.4,0.047,5,26,0.9932,3.26,0.32,10,4
6.1,0.6,0,1.3,0.042,24,79,0.9937,3.31,0.38,9.4,4
7.9,0.16,0.3,4.8,0.037,37,171,0.9967,3.47,0.44,9,4
7.6,0.33,0.36,2.1,0.034,26,172,0.9944,3.42,0.48,10.5,4
8,0.66,0.72,17.55,0.042,62,233,0.9999,2.92,0.68,9.4,4
6.9,0.39,0.22,4.3,0.03,10,102,0.993,3,0.87,11.6,4
6.9,0.41,0.22,4.2,0.031,10,102,0.993,3,0.86,11.6,4
9.2,0.35,0.39,0.9,0.042,15,61,0.9924,2.96,0.28,10.4,4
6.9,0.32,0.16,1.4,0.051,15,96,0.994,3.22,0.38,9.5,4
6.3,0.39,0.24,6.9,0.069,9,117,0.9942,3.15,0.35,10.2,4
9.2,0.28,0.49,11.8,0.042,29,137,0.998,3.1,0.34,10.1,4
9.8,0.25,0.74,10,0.056,36,225,0.9977,3.06,0.43,10,4
7,0.39,0.24,1,0.048,8,119,0.9923,3,0.31,10.1,4
6.9,0.25,0.24,3.6,0.057,13,85,0.9942,2.99,0.48,9.5,4
6.9,0.25,0.24,3.6,0.057,13,85,0.9942,2.99,0.48,9.5,4
7.1,0.53,0.24,0.8,0.029,29,86,0.993,3.16,0.32,9.1,4
6.2,0.43,0.49,6.4,0.045,12,115,0.9963,3.27,0.57,9,4
8.8,0.35,0.49,1,0.036,14,56,0.992,2.96,0.33,10.5,4
8.5,0.17,0.49,8.8,0.048,23,108,0.9947,2.88,0.34,10.5,4
7.1,0.64,0.49,1.8,0.05,17,128,0.9946,3.31,0.58,10.6,4
7.6,0.31,0.49,13.4,0.062,50,191,0.9989,3.22,0.53,9,4
6.9,0.26,0.49,1.6,0.058,39,166,0.9965,3.65,0.52,9.4,4
8.2,0.29,0.49,1,0.044,29,118,0.9928,3.24,0.36,10.9,4
8.1,0.28,0.46,15.4,0.059,32,177,1.0004,3.27,0.58,9,4
9,0.43,0.3,1.5,0.05,7,175,0.9951,3.11,0.45,9.7,4
6.5,0.27,0.19,4.2,0.046,6,114,0.9955,3.25,0.35,8.6,4
7,0.61,0.26,1.7,0.051,25,161,0.9946,3.36,0.6,10.6,4
9.3,0.2,0.33,1.7,0.05,28,178,0.9954,3.16,0.43,9,4
8.4,0.29,0.29,1.05,0.032,4,55,0.9908,2.91,0.32,11.4,4
6.1,0.32,0.37,1.8,0.051,13,200,0.9945,3.49,0.44,10.5,4
7.2,0.5,0,0.8,0.034,46,114,0.9932,3.19,0.34,9.2,4
10,0.91,0.42,1.6,0.056,34,181,0.9968,3.11,0.46,10,4
7.6,0.26,0.36,1.6,0.032,6,106,0.993,3.15,0.4,10.4,4
9.9,1.005,0.46,1.4,0.046,34,185,0.9966,3.02,0.49,10.2,4
6.4,0.43,0.27,1.1,0.054,5,110,0.9939,3.24,0.52,9.1,4
7.4,0.45,0.32,7.1,0.044,17,117,0.9962,3.32,0.41,10.4,4
6.8,0.2,0.27,1.2,0.034,19,68,0.9902,3.14,0.37,11.7,4
8,0.16,0.36,1.5,0.033,14,122,0.9941,3.2,0.39,10.3,4
9.8,0.93,0.45,8.6,0.052,34,187,0.9994,3.12,0.59,10.2,4
7.9,0.28,0.32,3.6,0.038,9,76,0.992,3.05,0.31,11.7,4
6.3,0.24,0.37,1.8,0.031,6,61,0.9897,3.3,0.34,12.2,4
7.6,0.23,0.26,15.3,0.067,32,166,0.9986,3.03,0.44,9.2,4
6.4,0.34,0.2,14.9,0.06,37,162,0.9983,3.13,0.45,9,4
6.4,0.34,0.2,14.9,0.06,37,162,0.9983,3.13,0.45,9,4
7.5,0.29,0.26,14.95,0.067,47,178,0.99838,3.04,0.49,9.2,4
7.5,0.26,0.59,11.8,0.046,58,164,0.99814,3.17,0.46,8.9,4
6.5,0.28,0.35,9.8,0.067,61,180,0.9972,3.15,0.57,9,4
7.7,0.28,0.63,11.1,0.039,58,179,0.9979,3.08,0.44,8.8,4
6,0.33,0.18,3,0.036,5,85,0.99125,3.28,0.4,11.5,4
6.4,0.27,0.19,2,0.084,21,191,0.99516,3.49,0.63,9.6,4
6.4,0.27,0.19,1.9,0.085,21,196,0.99516,3.49,0.64,9.5,4
6.9,0.3,0.29,1.3,0.053,24,189,0.99362,3.29,0.54,9.9,4
6.9,0.3,0.3,1.3,0.053,24,186,0.99361,3.29,0.54,9.9,4
7.6,0.21,0.35,1.2,0.041,7,106,0.9914,3.06,0.45,11.3,4
9.2,0.19,0.42,2,0.047,16,104,0.99517,3.09,0.66,10,4
9.2,0.16,0.49,2,0.044,18,107,0.99514,3.1,0.53,10.2,4
7.1,0.21,0.28,2.7,0.034,23,111,0.99405,3.35,0.64,10.2,4
6.3,0.38,0.17,8.8,0.08,50,212,0.99803,3.47,0.66,9.4,4
7.1,0.21,0.28,2.7,0.034,23,111,0.99405,3.35,0.64,10.2,4
6.2,0.38,0.18,7.4,0.095,28,195,0.99773,3.53,0.71,9.2,4
6.4,0.35,0.35,5.6,0.034,9,148,0.99441,3.17,0.5,9.8,4
7.6,0.31,0.23,12.7,0.054,20,139,0.99836,3.16,0.5,9.7,4
7.6,0.31,0.23,12.7,0.054,20,139,0.99836,3.16,0.5,9.7,4
8.6,0.34,0.36,1.4,0.045,11,119,0.99556,3.17,0.47,9.4,4
8.6,0.34,0.36,1.4,0.045,11,119,0.99556,3.17,0.47,9.4,4
6.7,0.54,0.27,7.1,0.049,8,178,0.99502,3.16,0.38,9.4,4
6.7,0.54,0.27,7.1,0.049,8,178,0.99502,3.16,0.38,9.4,4
7.2,0.615,0.1,1.4,0.068,25,154,0.99499,3.2,0.48,9.7,4
7.1,0.23,0.24,5.4,0.039,60,196,0.9948,3.19,0.78,10,4
6,0.11,0.47,10.6,0.052,69,148,0.9958,2.91,0.34,9.3,4
8.5,0.22,0.34,0.7,0.04,5,25,0.9918,3.04,0.37,10.5,4
7.4,0.28,0.4,11.9,0.032,13,92,0.99629,3.01,0.46,10.8,4
7.1,0.27,0.28,1.25,0.023,3,89,0.98993,2.95,0.3,11.4,4
6.8,0.27,0.29,4.6,0.046,6,88,0.99458,3.34,0.48,10.6,4
6.2,0.255,0.24,1.7,0.039,138.5,272,0.99452,3.53,0.53,9.6,4
7.3,0.28,0.42,1.2,0.033,29,142,0.99205,3.17,0.43,10.7,4
6.9,0.3,0.36,4.5,0.054,31,203,0.99513,3.4,0.57,10.4,4
8.5,0.2,0.4,1.1,0.046,31,106,0.99194,3,0.35,10.5,4
8.7,0.3,0.59,1.7,0.046,10,70,0.99373,3.06,0.56,10.8,4
6.5,0.29,0.25,2.5,0.142,8,111,0.9927,3,0.44,9.9,4
6.5,0.48,0.02,0.9,0.043,32,99,0.99226,3.14,0.47,9.8,4
6.7,0.64,0.3,1.2,0.03,18,76,0.9892,3.16,0.6,12.9,4
6.9,0.75,0.13,6.3,0.036,19,50,0.99312,3.09,0.25,11.1,4
7.5,0.34,0.24,3.85,0.031,5,34,0.99098,3.01,0.36,11.8,4
5.9,0.655,0,5.6,0.033,8,31,0.9936,3.32,0.51,10.5,4
6.7,0.22,0.22,1.2,0.038,5,124,0.99098,3.1,0.37,11.2,4
6.9,0.19,0.6,4,0.037,6,122,0.99255,2.92,0.59,10.4,4
6.1,0.6,0.12,1.8,0.05,11,76,0.99268,3.42,0.48,10.4,4
8.5,0.18,0.3,1.1,0.028,34,95,0.99272,2.83,0.36,10,4
6.5,0.32,0.48,8,0.026,18,88,0.99144,3.22,0.79,12.7,4
7.4,0.27,0.31,2.4,0.014,15,143,0.99094,3.03,0.65,12,4
7.3,0.36,0.54,13.3,0.054,63,193,0.99864,3.06,0.49,8.6,4
6.8,0.73,0.2,6.6,0.054,25,65,0.99324,3.12,0.28,11.1,4
4.8,0.65,0.12,1.1,0.013,4,10,0.99246,3.32,0.36,13.5,4
8.7,0.31,0.21,5.6,0.039,28,67,0.99328,2.96,0.52,11,4
7.3,0.38,0.23,6.5,0.05,18,102,0.99304,3.1,0.55,11.2,4
6.3,0.27,0.51,7.6,0.049,35,200,0.99548,3.16,0.54,9.4,4
6.3,0.27,0.51,7.6,0.049,35,200,0.99548,3.16,0.54,9.4,4
6.4,0.37,0.12,5.9,0.056,6,91,0.99536,3.06,0.46,8.4,4
6.1,1.1,0.16,4.4,0.033,8,109,0.99058,3.35,0.47,12.4,4
6.6,0.35,0.19,10.5,0.06,15,82,0.99588,3.13,0.38,9.9,4
6.6,0.31,0.37,6.2,0.052,13,164,0.99602,3.24,0.39,8.8,4
6.5,0.38,0.53,1.4,0.142,5,69,0.9926,3.14,0.52,10.1,4
6.1,0.38,0.14,3.9,0.06,27,113,0.99344,3.07,0.34,9.2,4
6.1,0.38,0.14,3.9,0.06,27,113,0.99344,3.07,0.34,9.2,4
5.3,0.43,0.11,1.1,0.029,6,51,0.99076,3.51,0.48,11.2,4
5.3,0.47,0.1,1.3,0.036,11,74,0.99082,3.48,0.54,11.2,4
5.6,0.18,0.29,2.3,0.04,5,47,0.99126,3.07,0.45,10.1,4
6.3,0.28,0.22,9.5,0.04,30,111,0.99338,3.05,0.31,10.8,4
5.8,0.28,0.18,1.2,0.058,7,108,0.99288,3.23,0.58,9.55,4
5.8,0.26,0.3,2.6,0.034,75,129,0.9902,3.2,0.38,11.5,4
6,0.615,0.04,0.8,0.032,8,50,0.99036,3.14,0.4,11,4
6.8,0.63,0.04,1.3,0.058,25,133,0.99271,3.17,0.39,10.2,4
6.8,0.63,0.04,1.3,0.058,25,133,0.99271,3.17,0.39,10.2,4
7.1,0.24,0.34,1.2,0.045,6,132,0.99132,3.16,0.46,11.2,4
6,0.59,0,0.8,0.037,30,95,0.99032,3.1,0.4,10.9,4
6,0.35,0.46,0.9,0.033,9,65,0.98934,3.24,0.35,12.1,4
5.2,0.405,0.15,1.45,0.038,10,44,0.99125,3.52,0.4,11.6,4
6.2,0.53,0.02,0.9,0.035,6,81,0.99234,3.24,0.35,9.5,4
